user,follows
0ccultbot,iluminatibot
0ccultbot,redpillb0t
0ccultbot,ufob0t
0ccultbot,thehealthb0t
0ccultbot,thehackerb0t
0ccultbot,naticoineth
0ccultbot,oliveronly0302
0ccultbot,Marcella3946
0ccultbot,DAMNAMENEYS
0ccultbot,drewski_sosa
0ccultbot,Orange44Blossom
0ccultbot,jarro80077
0ccultbot,syuan900423
0ccultbot,starofdawning
0ccultbot,Transcending777
0ccultbot,RaymondSeeker
0ccultbot,MalachiFyrestar
0ccultbot,mfyrestar
0ccultbot,fortnitegame
0ccultbot,oftheswords
0ccultbot,OccultReading
0ccultbot,pobie38
0ccultbot,KayThanQ
0ccultbot,PhilSchneider_
0ccultbot,OnYahweh
0ccultbot,joannabanananaa
0ccultbot,DialectYoutube
0ccultbot,CHRIS18703
0ccultbot,WishCluster
0ccultbot,vhncze
0ccultbot,stonedapex420x
0ccultbot,DimitriosKilias
0ccultbot,Bigevil6665
0ccultbot,natalie61282
0ccultbot,JalenChildss
0ccultbot,Feder17
0ccultbot,DocAwesome2011
0ccultbot,vthedoll
0ccultbot,carlos_lania
0ccultbot,frejomir
0ccultbot,feedinggoodwolf
0ccultbot,ethbullmaster
0ccultbot,joshuakeithb
0ccultbot,hudsonbatman403
0ccultbot,bekar_elisoni
0ccultbot,occamsrazor22
0ccultbot,Thepoorest59224
0ccultbot,bryukhanovmv
0ccultbot,1776Maverick
0ccultbot,MaxMjp
0ccultbot,billyrae76
0ccultbot,hex0143
0ccultbot,0xMonolith
0ccultbot,currentcreviews
0ccultbot,PrayOrSomething
0ccultbot,Darian_212
0ccultbot,nwotcg
redpillb0t,iluminatibot
redpillb0t,0ccultbot
redpillb0t,ufob0t
redpillb0t,thehealthb0t
redpillb0t,thehackerb0t
redpillb0t,naticoineth
redpillb0t,AnagramScore
redpillb0t,SageListener
redpillb0t,DAMNAMENEYS
redpillb0t,jon32561
redpillb0t,aarontclarkMD
redpillb0t,JackOfSpade123
redpillb0t,VincentByrne17
redpillb0t,nikkie_dickie
redpillb0t,ForgiatoBlow47
redpillb0t,TheRabbitHole84
redpillb0t,dogeofficialceo
redpillb0t,three_cube
redpillb0t,HiRezTheRapper
redpillb0t,WholeMarsBlog
redpillb0t,TRHLofficial
redpillb0t,Alphafox78
redpillb0t,Forsyth47994405
redpillb0t,TTownsend_Brown
redpillb0t,kiary23
redpillb0t,DialectYoutube
redpillb0t,Matthew56480631
redpillb0t,PhilSchneider_
redpillb0t,CHRIS18703
redpillb0t,PhantomPlatypus
redpillb0t,MICHAILA41108
redpillb0t,occamsrazor22
redpillb0t,PrayOrSomething
redpillb0t,DimitriosKilias
redpillb0t,MonnieH519
redpillb0t,CameronMalikBa2
redpillb0t,sakanasandwhich
redpillb0t,Anonymo95082321
redpillb0t,BryanLovejoy2
redpillb0t,TeresaFomby2
redpillb0t,lostintheworldb
redpillb0t,Catheri08183753
redpillb0t,0xMonolith
redpillb0t,ColCam68
redpillb0t,currentcreviews
redpillb0t,FlashyHumble
redpillb0t,Darian_212
redpillb0t,nwotcg
redpillb0t,TRobinsonNewEra
redpillb0t,DewsNewz
redpillb0t,infowars
redpillb0t,november17
redpillb0t,RealAlexJones
redpillb0t,PrisonPlanetTV
redpillb0t,XiroWare
redpillb0t,Anonyphant
redpillb0t,7sprit_
redpillb0t,conspiracyb0t
ufob0t,0ccultbot
ufob0t,thehealthb0t
ufob0t,thehackerb0t
ufob0t,naticoineth
ufob0t,cryptonoah68
ufob0t,moore_kerr97756
ufob0t,HerreidSteve
ufob0t,DefenceOp
ufob0t,adamn5050
ufob0t,MiCreates813
ufob0t,TTownsend_Brown
ufob0t,itsRedactedYT
ufob0t,KayThanQ
ufob0t,OnYahweh
ufob0t,RangerMorrissey
ufob0t,MICHAILA41108
ufob0t,occamsrazor22
ufob0t,thenelsonknight
ufob0t,DimitriosKilias
ufob0t,3amiGlobal
ufob0t,DMGSpace1
ufob0t,natalie61282
ufob0t,bigmack600
ufob0t,PhantomPlatypus
ufob0t,web3_berkeley
ufob0t,CHRIS18703
ufob0t,El_Gringo1776
ufob0t,PexgZm1G2LkaZBg
ufob0t,JosephSold
ufob0t,AquarianLMT
ufob0t,XJorgenX
ufob0t,shirvan2agros
ufob0t,elnirvana_1986
ufob0t,currentcreviews
ufob0t,GreyFern1337
ufob0t,Darian_212
ufob0t,LadoBitnar
ufob0t,PrayOrSomething
ufob0t,nwotcg
ufob0t,elryza
ufob0t,heretic027
ufob0t,MartinShkreli
ufob0t,kiskadoom
ufob0t,AnonymissNegra
ufob0t,IretiAy0
ufob0t,XiroWare
ufob0t,Anonyphant
ufob0t,DerpLaughing
ufob0t,PrisonPlanetTV
ufob0t,infowars
ufob0t,RonsNewsFeed
ufob0t,RealAlexJones
ufob0t,anonymousgum
thehealthb0t,iluminatibot
thehealthb0t,redpillb0t
thehealthb0t,0ccultbot
thehealthb0t,ufob0t
thehealthb0t,thehackerb0t
thehealthb0t,naticoineth
thehealthb0t,SageListener
thehealthb0t,hope_haul
thehealthb0t,nikkie_dickie
thehealthb0t,ForgiatoBlow47
thehealthb0t,TheRabbitHole84
thehealthb0t,dogeofficialceo
thehealthb0t,three_cube
thehealthb0t,HiRezTheRapper
thehealthb0t,WholeMarsBlog
thehealthb0t,TRHLofficial
thehealthb0t,Alphafox78
thehealthb0t,hasan_h33071
thehealthb0t,Zelda474747
thehealthb0t,drmshphd
thehealthb0t,ConnorLeblanc20
thehealthb0t,twil2002
thehealthb0t,LouHudman
thehealthb0t,LoriSpdx
thehealthb0t,apelsinkaX
thehealthb0t,Ray777Nicole
thehealthb0t,KarlaCa01773882
thehealthb0t,natickman
thehealthb0t,jerryben954
thehealthb0t,KayThanQ
thehealthb0t,Bluecaribe2
thehealthb0t,Muffy00320171
thehealthb0t,AthinaKilia
thehealthb0t,DimitriosKilias
thehealthb0t,CarmelLeavy
thehealthb0t,MICHAILA41108
thehealthb0t,GregoryJantzPhD
thehealthb0t,queenofrisk
thehealthb0t,RMooney0705
thehealthb0t,JEFFnBLISS
thehealthb0t,gov_go_boom
thehealthb0t,CABaer1989
thehealthb0t,JonyJigwiggles
thehealthb0t,griffin749
thehealthb0t,wondernick
thehealthb0t,Captain19643
thehealthb0t,emenikebabatund
thehealthb0t,JKCGolden
thehealthb0t,tmobley0524
thehealthb0t,badass19zl1
thehealthb0t,Catturd2
thehealthb0t,ilDonaldoTrumpo
thehealthb0t,cary6112
thehealthb0t,Hucklebarely111
thehealthb0t,STXGAL2
thehealthb0t,CHRIS18703
thehealthb0t,WajdWajd7
thehealthb0t,degriffith2452
thehealthb0t,PSUFred
thehealthb0t,Tobios39872
thehealthb0t,per_j_solli
thehealthb0t,mrrseriously1
thehealthb0t,iditrosenfeld
thehealthb0t,DillonOrmsby
thehealthb0t,fishman5690
thehealthb0t,DKTruther22
thehealthb0t,JoanieThemig
thehackerb0t,iluminatibot
thehackerb0t,redpillb0t
thehackerb0t,0ccultbot
thehackerb0t,thehealthb0t
thehackerb0t,ufob0t
thehackerb0t,naticoineth
thehackerb0t,nwotcg
thehackerb0t,Vosnicos
thehackerb0t,MartinShkreli
thehackerb0t,BraveNew1984
thehackerb0t,Anonyphant
thehackerb0t,j0ey
thehackerb0t,conspiracyb0t
conspiracyb0t,conspiracyb0t
conspiracyb0t,iluminatibot
conspiracyb0t,thehealthb0t
conspiracyb0t,ufob0t
conspiracyb0t,0ccultbot
conspiracyb0t,thehackerb0t
conspiracyb0t,redpillb0t
conspiracyb0t,naticoineth
conspiracyb0t,FcoJavierDalmau
conspiracyb0t,nwotcg
conspiracyb0t,ArieFriedman
conspiracyb0t,AMDWaters
conspiracyb0t,CptSheppie
conspiracyb0t,DissidentSoaps
conspiracyb0t,EscapeVelo
conspiracyb0t,_underfoot
conspiracyb0t,AnonymissNegra
conspiracyb0t,RealPIW
conspiracyb0t,infowars
conspiracyb0t,PrisonPlanetTV
conspiracyb0t,Anonyphant
conspiracyb0t,RealAlexJones
conspiracyb0t,RonsNewsFeed
conspiracyb0t,SleepyJirachi
conspiracyb0t,tsongamega
conspiracyb0t,Grulebender
